Year,Displacement_cc,Rider,Country,Motorcycle,Team_Tier,Age,Age_Factor,Displacement_Modifier,Raw_Probability,Championship_Probability,Proj_Points,Proj_Wins,Proj_Podiums,Proj_Poles,Proj_PPR,Proj_Podium_Freq,Proj_Win_Rate,Proj_Consistency
2025,1000,Marc Marquez,Spain,Ducati,1,32,1.0,1.0,0.273333,0.155894,450,3.4,11.5,2.3,22.52,0.575,0.172,1.0
2025,1000,Francesco Bagnaia,Italy,Ducati,1,28,1.0,1.0,0.556667,0.31749,577,12.7,18.5,6.9,28.84,0.926,0.637,1.0
2025,1000,Jorge Martin,Spain,Aprilia,2,27,1.0,1.0,0.76,0.43346,520,3.1,16.4,7.2,26.02,0.82,0.154,1.0
2025,1000,Fabio Quartararo,France,Yamaha,2,26,1.0,1.0,0.0,0.0,117,0.0,0.0,0.0,5.84,0.0,0.0,1.0
2025,1000,Enea Bastianini,Italy,KTM,3,28,1.0,1.0,0.056667,0.032319,349,1.8,8.1,0.9,17.44,0.407,0.09,0.904
2025,1000,Brad Binder,South Africa,KTM,1,30,1.0,1.0,0.05,0.028517,217,0.0,1.1,0.0,12.07,0.059,0.0,1.0
2025,1000,Alex Marquez,Spain,Ducati,2,29,1.0,1.0,0.0,0.0,168,0.0,1.0,0.0,8.4,0.049,0.0,0.971
2025,1000,Maverick Vinales,Spain,KTM,3,31,1.0,1.0,0.0,0.0,171,0.9,0.9,0.9,8.53,0.045,0.045,0.898
2025,1000,Jack Miller,Australia,Yamaha,2,30,1.0,1.0,0.0,0.0,82,0.0,0.0,0.0,4.32,0.0,0.0,0.944
2025,1000,Johann Zarco,France,Honda,3,35,0.88,1.0,0.0,0.0,43,0.0,0.0,0.0,2.15,0.0,0.0,0.783
2025,1000,Franco Morbidelli,Italy,Ducati,2,31,1.0,1.0,0.0,0.0,163,0.0,0.0,0.0,8.13,0.0,0.0,0.94
2025,1000,Joan Mir,Spain,Honda,3,28,1.0,1.0,0.0,0.0,19,0.0,0.0,0.0,1.02,0.0,0.0,0.924
2025,1000,Alex Rins,Spain,Yamaha,2,30,1.0,1.0,0.0,0.0,32,0.0,0.0,0.0,1.87,0.0,0.0,1.0
2025,1000,Luca Marini,Italy,Honda,3,28,1.0,1.0,0.0,0.0,13,0.0,0.0,0.0,0.67,0.0,0.0,0.907
2025,1000,Marco Bezzecchi,Italy,Aprilia,2,27,1.0,1.0,0.0,0.0,156,0.0,1.0,0.0,7.79,0.051,0.0,1.0
2025,1000,Fabio Di Giannantonio,Italy,Ducati,2,27,1.0,1.0,0.0,0.0,164,0.0,0.0,0.0,9.64,0.0,0.0,0.993
2025,1000,Pedro Acosta,Spain,KTM,1,21,0.91,1.0,0.0,0.0,206,0.0,4.8,1.0,10.84,0.252,0.0,0.958
2025,1000,Raul Fernandez,Spain,Aprilia,2,25,1.0,1.0,0.0,0.0,71,0.0,0.0,0.0,3.57,0.0,0.0,1.0
2025,1000,Miguel Oliveira,Portugal,Yamaha,2,31,1.0,1.0,0.0,0.0,75,0.0,0.0,0.0,4.99,0.0,0.0,0.997
2025,1000,Ai Ogura,Japan,Aprilia,2,24,1.0,1.0,0.056667,0.032319,17,0.0,0.0,0.0,17.01,0.0,0.0,1.0
2025,1000,Fermin Aldeguer,Spain,Ducati,2,22,0.94,1.0,0.0,0.0,0,0.0,0.0,0.0,0.0,0.0,0.0,1.0
2025,1000,Somkiat Chantra,Thailand,Honda,3,26,1.0,1.0,0.0,0.0,0,0.0,0.0,0.0,0.0,0.0,0.0,0.926
2025,950,Marc Marquez,Spain,Ducati,1,32,1.0,1.067,0.266667,0.154143,459,3.5,11.7,2.3,22.96,0.586,0.176,1.0
2025,950,Francesco Bagnaia,Italy,Ducati,1,28,1.0,1.05,0.563333,0.325626,588,13.0,18.9,7.1,29.4,0.944,0.649,1.0
2025,950,Jorge Martin,Spain,Aprilia,2,27,1.0,1.033,0.716667,0.414258,473,2.8,14.9,6.5,23.67,0.745,0.14,0.932
2025,950,Fabio Quartararo,France,Yamaha,2,26,1.0,1.057,0.0,0.0,116,0.0,0.0,0.0,5.81,0.0,0.0,1.0
2025,950,Enea Bastianini,Italy,KTM,3,28,1.0,1.017,0.053333,0.030829,370,1.9,8.6,1.0,18.5,0.431,0.096,0.958
2025,950,Brad Binder,South Africa,KTM,1,30,1.0,1.0,0.05,0.028902,220,0.0,1.1,0.0,12.23,0.059,0.0,1.0
2025,950,Alex Marquez,Spain,Ducati,2,29,1.0,1.023,0.0,0.0,176,0.0,1.0,0.0,8.8,0.051,0.0,1.0
2025,950,Maverick Vinales,Spain,KTM,3,31,1.0,1.027,0.0,0.0,180,0.9,0.9,0.9,8.98,0.047,0.047,0.945
2025,950,Jack Miller,Australia,Yamaha,2,30,1.0,0.99,0.0,0.0,76,0.0,0.0,0.0,4.01,0.0,0.0,0.876
2025,950,Johann Zarco,France,Honda,3,35,0.88,0.997,0.0,0.0,48,0.0,0.0,0.0,2.39,0.0,0.0,0.869
2025,950,Franco Morbidelli,Italy,Ducati,2,31,1.0,1.003,0.0,0.0,171,0.0,0.0,0.0,8.54,0.0,0.0,0.987
2025,950,Joan Mir,Spain,Honda,3,28,1.0,1.007,0.0,0.0,19,0.0,0.0,0.0,1.01,0.0,0.0,0.918
2025,950,Alex Rins,Spain,Yamaha,2,30,1.0,1.013,0.0,0.0,29,0.0,0.0,0.0,1.72,0.0,0.0,0.941
2025,950,Luca Marini,Italy,Honda,3,28,1.0,0.983,0.0,0.0,12,0.0,0.0,0.0,0.64,0.0,0.0,0.875
2025,950,Marco Bezzecchi,Italy,Aprilia,2,27,1.0,1.01,0.0,0.0,159,0.0,1.0,0.0,7.96,0.052,0.0,1.0
2025,950,Fabio Di Giannantonio,Italy,Ducati,2,27,1.0,0.997,0.0,0.0,160,0.0,0.0,0.0,9.42,0.0,0.0,0.97
2025,950,Pedro Acosta,Spain,KTM,1,21,0.91,1.043,0.023333,0.013487,230,0.0,5.3,1.1,12.1,0.281,0.0,1.0
2025,950,Raul Fernandez,Spain,Aprilia,2,25,1.0,0.993,0.0,0.0,64,0.0,0.0,0.0,3.2,0.0,0.0,0.969
2025,950,Miguel Oliveira,Portugal,Yamaha,2,31,1.0,1.003,0.0,0.0,77,0.0,0.0,0.0,5.15,0.0,0.0,1.0
2025,950,Ai Ogura,Japan,Aprilia,2,24,1.0,1.017,0.056667,0.032755,17,0.0,0.0,0.0,17.26,0.0,0.0,1.0
2025,950,Fermin Aldeguer,Spain,Ducati,2,22,0.94,1.023,0.0,0.0,0,0.0,0.0,0.0,0.0,0.0,0.0,0.918
2025,950,Somkiat Chantra,Thailand,Honda,3,26,1.0,1.0,0.0,0.0,0,0.0,0.0,0.0,0.0,0.0,0.0,0.897
2025,900,Marc Marquez,Spain,Ducati,1,32,1.0,1.133,0.256667,0.145558,499,3.8,12.7,2.5,24.95,0.636,0.191,1.0
2025,900,Francesco Bagnaia,Italy,Ducati,1,28,1.0,1.1,0.563333,0.319471,626,13.8,20.1,7.5,31.32,1.0,0.692,1.0
2025,900,Jorge Martin,Spain,Aprilia,2,27,1.0,1.067,0.753333,0.427221,508,3.0,16.0,7.0,25.4,0.8,0.15,1.0
2025,900,Fabio Quartararo,France,Yamaha,2,26,1.0,1.113,0.0,0.0,125,0.0,0.0,0.0,6.23,0.0,0.0,1.0
2025,900,Enea Bastianini,Italy,KTM,3,28,1.0,1.033,0.066667,0.037807,376,1.9,8.8,1.0,18.8,0.438,0.097,0.974
2025,900,Brad Binder,South Africa,KTM,1,30,1.0,1.0,0.043333,0.024575,233,0.0,1.1,0.0,12.95,0.063,0.0,1.0
2025,900,Alex Marquez,Spain,Ducati,2,29,1.0,1.047,0.0,0.0,172,0.0,1.0,0.0,8.62,0.05,0.0,0.997
2025,900,Maverick Vinales,Spain,KTM,3,31,1.0,1.053,0.0,0.0,183,1.0,1.0,1.0,9.13,0.048,0.048,0.961
2025,900,Jack Miller,Australia,Yamaha,2,30,1.0,0.98,0.0,0.0,87,0.0,0.0,0.0,4.58,0.0,0.0,1.0
2025,900,Johann Zarco,France,Honda,3,35,0.88,0.993,0.0,0.0,43,0.0,0.0,0.0,2.17,0.0,0.0,0.788
2025,900,Franco Morbidelli,Italy,Ducati,2,31,1.0,1.007,0.0,0.0,175,0.0,0.0,0.0,8.76,0.0,0.0,1.0
2025,900,Joan Mir,Spain,Honda,3,28,1.0,1.013,0.0,0.0,19,0.0,0.0,0.0,0.99,0.0,0.0,0.892
2025,900,Alex Rins,Spain,Yamaha,2,30,1.0,1.027,0.0,0.0,32,0.0,0.0,0.0,1.91,0.0,0.0,1.0
2025,900,Luca Marini,Italy,Honda,3,28,1.0,0.967,0.0,0.0,12,0.0,0.0,0.0,0.64,0.0,0.0,0.863
2025,900,Marco Bezzecchi,Italy,Aprilia,2,27,1.0,1.02,0.0,0.0,157,0.0,1.0,0.0,7.86,0.051,0.0,1.0
2025,900,Fabio Di Giannantonio,Italy,Ducati,2,27,1.0,0.993,0.0,0.0,166,0.0,0.0,0.0,9.77,0.0,0.0,1.0
2025,900,Pedro Acosta,Spain,KTM,1,21,0.91,1.087,0.023333,0.013233,230,0.0,5.4,1.1,12.11,0.282,0.0,1.0
2025,900,Raul Fernandez,Spain,Aprilia,2,25,1.0,0.987,0.0,0.0,67,0.0,0.0,0.0,3.37,0.0,0.0,1.0
2025,900,Miguel Oliveira,Portugal,Yamaha,2,31,1.0,1.007,0.0,0.0,73,0.0,0.0,0.0,4.88,0.0,0.0,0.975
2025,900,Ai Ogura,Japan,Aprilia,2,24,1.0,1.033,0.056667,0.032136,16,0.0,0.0,0.0,16.28,0.0,0.0,0.958
2025,900,Fermin Aldeguer,Spain,Ducati,2,22,0.94,1.047,0.0,0.0,0,0.0,0.0,0.0,0.0,0.0,0.0,0.946
2025,900,Somkiat Chantra,Thailand,Honda,3,26,1.0,1.0,0.0,0.0,0,0.0,0.0,0.0,0.0,0.0,0.0,0.921
2025,850,Marc Marquez,Spain,Ducati,1,32,1.0,1.2,0.276667,0.154562,533,4.1,13.6,2.7,26.63,0.679,0.204,1.0
2025,850,Francesco Bagnaia,Italy,Ducati,1,28,1.0,1.15,0.563333,0.314711,619,13.7,19.9,7.5,30.95,0.994,0.684,1.0
2025,850,Jorge Martin,Spain,Aprilia,2,27,1.0,1.1,0.76,0.424581,522,3.1,16.4,7.2,26.1,0.822,0.154,1.0
2025,850,Fabio Quartararo,France,Yamaha,2,26,1.0,1.17,0.0,0.0,139,0.0,0.0,0.0,6.96,0.0,0.0,1.0
2025,850,Enea Bastianini,Italy,KTM,3,28,1.0,1.05,0.066667,0.037244,374,1.9,8.7,1.0,18.68,0.436,0.097,0.968
2025,850,Brad Binder,South Africa,KTM,1,30,1.0,1.0,0.043333,0.024209,228,0.0,1.1,0.0,12.69,0.062,0.0,1.0
2025,850,Alex Marquez,Spain,Ducati,2,29,1.0,1.07,0.0,0.0,188,0.0,1.1,0.0,9.41,0.054,0.0,1.0
2025,850,Maverick Vinales,Spain,KTM,3,31,1.0,1.08,0.0,0.0,191,1.0,1.0,1.0,9.53,0.05,0.05,1.0
2025,850,Jack Miller,Australia,Yamaha,2,30,1.0,0.97,0.0,0.0,86,0.0,0.0,0.0,4.52,0.0,0.0,0.988
2025,850,Johann Zarco,France,Honda,3,35,0.88,0.99,0.0,0.0,46,0.0,0.0,0.0,2.31,0.0,0.0,0.839
2025,850,Franco Morbidelli,Italy,Ducati,2,31,1.0,1.01,0.0,0.0,174,0.0,0.0,0.0,8.71,0.0,0.0,1.0
2025,850,Joan Mir,Spain,Honda,3,28,1.0,1.02,0.0,0.0,18,0.0,0.0,0.0,0.96,0.0,0.0,0.872
2025,850,Alex Rins,Spain,Yamaha,2,30,1.0,1.04,0.0,0.0,34,0.0,0.0,0.0,1.97,0.0,0.0,1.0
2025,850,Luca Marini,Italy,Honda,3,28,1.0,0.95,0.0,0.0,11,0.0,0.0,0.0,0.57,0.0,0.0,0.776
2025,850,Marco Bezzecchi,Italy,Aprilia,2,27,1.0,1.03,0.0,0.0,155,0.0,1.0,0.0,7.73,0.051,0.0,1.0
2025,850,Fabio Di Giannantonio,Italy,Ducati,2,27,1.0,0.99,0.0,0.0,155,0.0,0.0,0.0,9.13,0.0,0.0,0.941
2025,850,Pedro Acosta,Spain,KTM,1,21,0.91,1.13,0.023333,0.013035,237,0.0,5.5,1.1,12.48,0.29,0.0,1.0
2025,850,Raul Fernandez,Spain,Aprilia,2,25,1.0,0.98,0.0,0.0,60,0.0,0.0,0.0,3.0,0.0,0.0,0.909
2025,850,Miguel Oliveira,Portugal,Yamaha,2,31,1.0,1.01,0.0,0.0,78,0.0,0.0,0.0,5.21,0.0,0.0,1.0
2025,850,Ai Ogura,Japan,Aprilia,2,24,1.0,1.05,0.056667,0.031657,18,0.0,0.0,0.0,17.53,0.0,0.0,1.0
2025,850,Fermin Aldeguer,Spain,Ducati,2,22,0.94,1.07,0.0,0.0,0,0.0,0.0,0.0,0.0,0.0,0.0,1.0
2025,850,Somkiat Chantra,Thailand,Honda,3,26,1.0,1.0,0.0,0.0,0,0.0,0.0,0.0,0.0,0.0,0.0,0.901
2026,1000,Marc Marquez,Spain,Ducati,1,33,0.96,1.0,0.263333,0.159919,419,3.2,10.7,2.1,20.95,0.535,0.16,1.0
2026,1000,Francesco Bagnaia,Italy,Ducati,1,29,1.0,1.0,0.53,0.321862,556,12.3,17.8,6.7,27.78,0.892,0.614,1.0
2026,1000,Jorge Martin,Spain,Aprilia,2,28,1.0,1.0,0.693333,0.421053,495,2.9,15.6,6.8,24.76,0.78,0.146,0.975
2026,1000,Fabio Quartararo,France,Yamaha,2,27,1.0,1.0,0.0,0.0,103,0.0,0.0,0.0,5.14,0.0,0.0,0.909
2026,1000,Enea Bastianini,Italy,KTM,3,29,1.0,1.0,0.06,0.036437,342,1.8,8.0,0.9,17.09,0.399,0.089,0.886
2026,1000,Brad Binder,South Africa,KTM,1,31,1.0,1.0,0.043333,0.026316,229,0.0,1.1,0.0,12.72,0.062,0.0,1.0
2026,1000,Alex Marquez,Spain,Ducati,2,30,1.0,1.0,0.0,0.0,170,0.0,1.0,0.0,8.48,0.049,0.0,0.98
2026,1000,Maverick Vinales,Spain,KTM,3,32,1.0,1.0,0.0,0.0,177,0.9,0.9,0.9,8.87,0.047,0.047,0.934
2026,1000,Jack Miller,Australia,Yamaha,2,31,1.0,1.0,0.0,0.0,88,0.0,0.0,0.0,4.61,0.0,0.0,1.0
2026,1000,Johann Zarco,France,Honda,3,36,0.84,1.0,0.0,0.0,43,0.0,0.0,0.0,2.14,0.0,0.0,0.778
2026,1000,Franco Morbidelli,Italy,Ducati,2,32,1.0,1.0,0.0,0.0,175,0.0,0.0,0.0,8.75,0.0,0.0,1.0
2026,1000,Joan Mir,Spain,Honda,3,29,1.0,1.0,0.0,0.0,20,0.0,0.0,0.0,1.04,0.0,0.0,0.943
2026,1000,Alex Rins,Spain,Yamaha,2,31,1.0,1.0,0.0,0.0,32,0.0,0.0,0.0,1.86,0.0,0.0,1.0
2026,1000,Luca Marini,Italy,Honda,3,29,1.0,1.0,0.0,0.0,13,0.0,0.0,0.0,0.68,0.0,0.0,0.919
2026,1000,Marco Bezzecchi,Italy,Aprilia,2,28,1.0,1.0,0.0,0.0,155,0.0,1.0,0.0,7.77,0.051,0.0,1.0
2026,1000,Fabio Di Giannantonio,Italy,Ducati,2,28,1.0,1.0,0.0,0.0,170,0.0,0.0,0.0,10.02,0.0,0.0,1.0
2026,1000,Pedro Acosta,Spain,KTM,1,22,0.94,1.0,0.0,0.0,209,0.0,4.9,1.0,11.02,0.256,0.0,0.974
2026,1000,Raul Fernandez,Spain,Aprilia,2,26,1.0,1.0,0.0,0.0,68,0.0,0.0,0.0,3.4,0.0,0.0,1.0
2026,1000,Miguel Oliveira,Portugal,Yamaha,2,32,1.0,1.0,0.0,0.0,74,0.0,0.0,0.0,4.94,0.0,0.0,0.987
2026,1000,Ai Ogura,Japan,Aprilia,2,25,1.0,1.0,0.056667,0.034413,17,0.0,0.0,0.0,16.94,0.0,0.0,0.996
2026,1000,Fermin Aldeguer,Spain,Ducati,2,23,0.97,1.0,0.0,0.0,0,0.0,0.0,0.0,0.0,0.0,0.0,0.983
2026,1000,Somkiat Chantra,Thailand,Honda,3,27,1.0,1.0,0.0,0.0,0,0.0,0.0,0.0,0.0,0.0,0.0,0.914
2026,950,Marc Marquez,Spain,Ducati,1,33,0.96,1.067,0.27,0.160714,458,3.5,11.7,2.3,22.92,0.585,0.175,1.0
2026,950,Francesco Bagnaia,Italy,Ducati,1,29,1.0,1.05,0.52,0.309524,554,12.2,17.8,6.7,27.72,0.891,0.612,1.0
2026,950,Jorge Martin,Spain,Aprilia,2,28,1.0,1.033,0.753333,0.448413,504,3.0,15.9,6.9,25.22,0.794,0.149,0.993
2026,950,Fabio Quartararo,France,Yamaha,2,27,1.0,1.057,0.0,0.0,119,0.0,0.0,0.0,5.94,0.0,0.0,1.0
2026,950,Enea Bastianini,Italy,KTM,3,29,1.0,1.017,0.066667,0.039683,337,1.7,7.8,0.9,16.83,0.392,0.087,0.872
2026,950,Brad Binder,South Africa,KTM,1,31,1.0,1.0,0.013333,0.007937,213,0.0,1.0,0.0,11.84,0.057,0.0,1.0
2026,950,Alex Marquez,Spain,Ducati,2,30,1.0,1.023,0.0,0.0,174,0.0,1.0,0.0,8.71,0.05,0.0,1.0
2026,950,Maverick Vinales,Spain,KTM,3,32,1.0,1.027,0.0,0.0,165,0.9,0.9,0.9,8.23,0.043,0.043,0.867
2026,950,Jack Miller,Australia,Yamaha,2,31,1.0,0.99,0.0,0.0,85,0.0,0.0,0.0,4.45,0.0,0.0,0.973
2026,950,Johann Zarco,France,Honda,3,36,0.84,0.997,0.0,0.0,40,0.0,0.0,0.0,2.01,0.0,0.0,0.733
2026,950,Franco Morbidelli,Italy,Ducati,2,32,1.0,1.003,0.0,0.0,180,0.0,0.0,0.0,9.01,0.0,0.0,1.0
2026,950,Joan Mir,Spain,Honda,3,29,1.0,1.007,0.0,0.0,18,0.0,0.0,0.0,0.96,0.0,0.0,0.871
2026,950,Alex Rins,Spain,Yamaha,2,31,1.0,1.013,0.0,0.0,31,0.0,0.0,0.0,1.8,0.0,0.0,0.987
2026,950,Luca Marini,Italy,Honda,3,29,1.0,0.983,0.0,0.0,12,0.0,0.0,0.0,0.61,0.0,0.0,0.834
2026,950,Marco Bezzecchi,Italy,Aprilia,2,28,1.0,1.01,0.0,0.0,155,0.0,1.0,0.0,7.73,0.051,0.0,1.0
2026,950,Fabio Di Giannantonio,Italy,Ducati,2,28,1.0,0.997,0.0,0.0,169,0.0,0.0,0.0,9.95,0.0,0.0,1.0
2026,950,Pedro Acosta,Spain,KTM,1,22,0.94,1.043,0.0,0.0,215,0.0,5.0,1.0,11.33,0.264,0.0,1.0
2026,950,Raul Fernandez,Spain,Aprilia,2,26,1.0,0.993,0.0,0.0,66,0.0,0.0,0.0,3.32,0.0,0.0,1.0
2026,950,Miguel Oliveira,Portugal,Yamaha,2,32,1.0,1.003,0.0,0.0,72,0.0,0.0,0.0,4.8,0.0,0.0,0.961
2026,950,Ai Ogura,Japan,Aprilia,2,25,1.0,1.017,0.056667,0.03373,17,0.0,0.0,0.0,17.43,0.0,0.0,1.0
2026,950,Fermin Aldeguer,Spain,Ducati,2,23,0.97,1.023,0.0,0.0,0,0.0,0.0,0.0,0.0,0.0,0.0,1.0
2026,950,Somkiat Chantra,Thailand,Honda,3,27,1.0,1.0,0.0,0.0,0,0.0,0.0,0.0,0.0,0.0,0.0,0.916
2026,900,Marc Marquez,Spain,Ducati,1,33,0.96,1.133,0.253333,0.145594,489,3.7,12.5,2.5,24.45,0.624,0.187,1.0
2026,900,Francesco Bagnaia,Italy,Ducati,1,29,1.0,1.1,0.563333,0.323755,624,13.8,20.0,7.5,31.18,1.0,0.689,1.0
2026,900,Jorge Martin,Spain,Aprilia,2,28,1.0,1.067,0.76,0.436782,553,3.3,17.4,7.6,27.65,0.871,0.163,1.0
2026,900,Fabio Quartararo,France,Yamaha,2,27,1.0,1.113,0.0,0.0,123,0.0,0.0,0.0,6.15,0.0,0.0,1.0
2026,900,Enea Bastianini,Italy,KTM,3,29,1.0,1.033,0.043333,0.024904,378,2.0,8.8,1.0,18.91,0.441,0.098,0.98
2026,900,Brad Binder,South Africa,KTM,1,31,1.0,1.0,0.04,0.022989,248,0.0,1.2,0.0,13.77,0.067,0.0,1.0
2026,900,Alex Marquez,Spain,Ducati,2,30,1.0,1.047,0.0,0.0,170,0.0,1.0,0.0,8.49,0.049,0.0,0.981
2026,900,Maverick Vinales,Spain,KTM,3,32,1.0,1.053,0.0,0.0,189,1.0,1.0,1.0,9.45,0.05,0.05,0.995
2026,900,Jack Miller,Australia,Yamaha,2,31,1.0,0.98,0.0,0.0,89,0.0,0.0,0.0,4.7,0.0,0.0,1.0
2026,900,Johann Zarco,France,Honda,3,36,0.84,0.993,0.0,0.0,42,0.0,0.0,0.0,2.09,0.0,0.0,0.759
2026,900,Franco Morbidelli,Italy,Ducati,2,32,1.0,1.007,0.0,0.0,175,0.0,0.0,0.0,8.77,0.0,0.0,1.0
2026,900,Joan Mir,Spain,Honda,3,29,1.0,1.013,0.0,0.0,20,0.0,0.0,0.0,1.03,0.0,0.0,0.934
2026,900,Alex Rins,Spain,Yamaha,2,31,1.0,1.027,0.0,0.0,32,0.0,0.0,0.0,1.86,0.0,0.0,1.0
2026,900,Luca Marini,Italy,Honda,3,29,1.0,0.967,0.0,0.0,12,0.0,0.0,0.0,0.63,0.0,0.0,0.861
2026,900,Marco Bezzecchi,Italy,Aprilia,2,28,1.0,1.02,0.0,0.0,156,0.0,1.0,0.0,7.78,0.051,0.0,1.0
2026,900,Fabio Di Giannantonio,Italy,Ducati,2,28,1.0,0.993,0.0,0.0,162,0.0,0.0,0.0,9.54,0.0,0.0,0.983
2026,900,Pedro Acosta,Spain,KTM,1,22,0.94,1.087,0.023333,0.01341,238,0.0,5.5,1.1,12.52,0.291,0.0,1.0
2026,900,Raul Fernandez,Spain,Aprilia,2,26,1.0,0.987,0.0,0.0,68,0.0,0.0,0.0,3.38,0.0,0.0,1.0
2026,900,Miguel Oliveira,Portugal,Yamaha,2,32,1.0,1.007,0.0,0.0,81,0.0,0.0,0.0,5.37,0.0,0.0,1.0
2026,900,Ai Ogura,Japan,Aprilia,2,25,1.0,1.033,0.056667,0.032567,17,0.0,0.0,0.0,16.63,0.0,0.0,0.978
2026,900,Fermin Aldeguer,Spain,Ducati,2,23,0.97,1.047,0.0,0.0,0,0.0,0.0,0.0,0.0,0.0,0.0,1.0
2026,900,Somkiat Chantra,Thailand,Honda,3,27,1.0,1.0,0.0,0.0,0,0.0,0.0,0.0,0.0,0.0,0.0,0.79
2026,850,Marc Marquez,Spain,Ducati,1,33,0.96,1.2,0.27,0.15283,474,3.6,12.1,2.4,23.68,0.604,0.181,1.0
2026,850,Francesco Bagnaia,Italy,Ducati,1,29,1.0,1.15,0.563333,0.318868,625,13.8,20.1,7.5,31.27,1.0,0.691,1.0
2026,850,Jorge Martin,Spain,Aprilia,2,28,1.0,1.1,0.763333,0.432075,580,3.4,18.3,8.0,28.99,0.913,0.171,1.0
2026,850,Fabio Quartararo,France,Yamaha,2,27,1.0,1.17,0.0,0.0,137,0.0,0.0,0.0,6.87,0.0,0.0,1.0
2026,850,Enea Bastianini,Italy,KTM,3,29,1.0,1.05,0.046667,0.026415,362,1.9,8.4,0.9,18.1,0.422,0.094,0.938
2026,850,Brad Binder,South Africa,KTM,1,31,1.0,1.0,0.043333,0.024528,230,0.0,1.1,0.0,12.79,0.062,0.0,1.0
2026,850,Alex Marquez,Spain,Ducati,2,30,1.0,1.07,0.0,0.0,185,0.0,1.1,0.0,9.27,0.054,0.0,1.0
2026,850,Maverick Vinales,Spain,KTM,3,32,1.0,1.08,0.0,0.0,179,0.9,0.9,0.9,8.95,0.047,0.047,0.942
2026,850,Jack Miller,Australia,Yamaha,2,31,1.0,0.97,0.0,0.0,83,0.0,0.0,0.0,4.35,0.0,0.0,0.951
2026,850,Johann Zarco,France,Honda,3,36,0.84,0.99,0.0,0.0,39,0.0,0.0,0.0,1.97,0.0,0.0,0.715
2026,850,Franco Morbidelli,Italy,Ducati,2,32,1.0,1.01,0.0,0.0,167,0.0,0.0,0.0,8.34,0.0,0.0,0.964
2026,850,Joan Mir,Spain,Honda,3,29,1.0,1.02,0.0,0.0,19,0.0,0.0,0.0,0.98,0.0,0.0,0.888
2026,850,Alex Rins,Spain,Yamaha,2,31,1.0,1.04,0.0,0.0,34,0.0,0.0,0.0,1.98,0.0,0.0,1.0
2026,850,Luca Marini,Italy,Honda,3,29,1.0,0.95,0.0,0.0,11,0.0,0.0,0.0,0.6,0.0,0.0,0.815
2026,850,Marco Bezzecchi,Italy,Aprilia,2,28,1.0,1.03,0.0,0.0,160,0.0,1.0,0.0,8.01,0.052,0.0,1.0
2026,850,Fabio Di Giannantonio,Italy,Ducati,2,28,1.0,0.99,0.0,0.0,167,0.0,0.0,0.0,9.83,0.0,0.0,1.0
2026,850,Pedro Acosta,Spain,KTM,1,22,0.94,1.13,0.023333,0.013208,240,0.0,5.6,1.1,12.64,0.294,0.0,1.0
2026,850,Raul Fernandez,Spain,Aprilia,2,26,1.0,0.98,0.0,0.0,63,0.0,0.0,0.0,3.17,0.0,0.0,0.961
2026,850,Miguel Oliveira,Portugal,Yamaha,2,32,1.0,1.01,0.0,0.0,73,0.0,0.0,0.0,4.88,0.0,0.0,0.977
2026,850,Ai Ogura,Japan,Aprilia,2,25,1.0,1.05,0.056667,0.032075,18,0.0,0.0,0.0,18.33,0.0,0.0,1.0
2026,850,Fermin Aldeguer,Spain,Ducati,2,23,0.97,1.07,0.0,0.0,0,0.0,0.0,0.0,0.0,0.0,0.0,1.0
2026,850,Somkiat Chantra,Thailand,Honda,3,27,1.0,1.0,0.0,0.0,0,0.0,0.0,0.0,0.0,0.0,0.0,0.896
2027,1000,Marc Marquez,Spain,Ducati,1,34,0.92,1.0,0.196667,0.133183,389,3.0,9.9,2.0,19.43,0.496,0.149,0.991
2027,1000,Francesco Bagnaia,Italy,Ducati,1,30,1.0,1.0,0.343333,0.232506,516,11.4,16.6,6.2,25.78,0.828,0.57,1.0
2027,1000,Jorge Martin,Spain,Aprilia,2,29,1.0,1.0,0.726667,0.492099,496,2.9,15.6,6.8,24.81,0.781,0.146,0.977
2027,1000,Fabio Quartararo,France,Yamaha,2,28,1.0,1.0,0.0,0.0,106,0.0,0.0,0.0,5.3,0.0,0.0,0.938
2027,1000,Enea Bastianini,Italy,KTM,3,30,1.0,1.0,0.083333,0.056433,329,1.7,7.7,0.9,16.45,0.384,0.085,0.853
2027,1000,Brad Binder,South Africa,KTM,1,32,1.0,1.0,0.043333,0.029345,232,0.0,1.1,0.0,12.87,0.062,0.0,1.0
2027,1000,Alex Marquez,Spain,Ducati,2,31,1.0,1.0,0.0,0.0,177,0.0,1.0,0.0,8.86,0.051,0.0,1.0
2027,1000,Maverick Vinales,Spain,KTM,3,33,0.96,1.0,0.0,0.0,170,0.9,0.9,0.9,8.51,0.045,0.045,0.895
2027,1000,Jack Miller,Australia,Yamaha,2,32,1.0,1.0,0.0,0.0,91,0.0,0.0,0.0,4.8,0.0,0.0,1.0
2027,1000,Johann Zarco,France,Honda,3,37,0.65,1.0,0.0,0.0,30,0.0,0.0,0.0,1.52,0.0,0.0,0.551
2027,1000,Franco Morbidelli,Italy,Ducati,2,33,0.96,1.0,0.0,0.0,161,0.0,0.0,0.0,8.05,0.0,0.0,0.931
2027,1000,Joan Mir,Spain,Honda,3,30,1.0,1.0,0.0,0.0,19,0.0,0.0,0.0,0.99,0.0,0.0,0.893
2027,1000,Alex Rins,Spain,Yamaha,2,32,1.0,1.0,0.0,0.0,31,0.0,0.0,0.0,1.83,0.0,0.0,1.0
2027,1000,Luca Marini,Italy,Honda,3,30,1.0,1.0,0.0,0.0,13,0.0,0.0,0.0,0.69,0.0,0.0,0.942
2027,1000,Marco Bezzecchi,Italy,Aprilia,2,29,1.0,1.0,0.0,0.0,159,0.0,1.0,0.0,7.93,0.052,0.0,1.0
2027,1000,Fabio Di Giannantonio,Italy,Ducati,2,29,1.0,1.0,0.0,0.0,168,0.0,0.0,0.0,9.85,0.0,0.0,1.0
2027,1000,Pedro Acosta,Spain,KTM,1,23,0.97,1.0,0.023333,0.015801,232,0.0,5.4,1.1,12.23,0.284,0.0,1.0
2027,1000,Raul Fernandez,Spain,Aprilia,2,27,1.0,1.0,0.0,0.0,69,0.0,0.0,0.0,3.45,0.0,0.0,1.0
2027,1000,Miguel Oliveira,Portugal,Yamaha,2,33,0.96,1.0,0.0,0.0,71,0.0,0.0,0.0,4.71,0.0,0.0,0.941
2027,1000,Ai Ogura,Japan,Aprilia,2,26,1.0,1.0,0.06,0.040632,16,0.0,0.0,0.0,16.0,0.0,0.0,0.941
2027,1000,Fermin Aldeguer,Spain,Ducati,2,24,1.0,1.0,0.0,0.0,0,0.0,0.0,0.0,0.0,0.0,0.0,0.988
2027,1000,Somkiat Chantra,Thailand,Honda,3,28,1.0,1.0,0.0,0.0,0,0.0,0.0,0.0,0.0,0.0,0.0,0.903
2027,950,Marc Marquez,Spain,Ducati,1,34,0.92,1.067,0.2,0.11976,405,3.1,10.3,2.1,20.27,0.517,0.155,1.0
2027,950,Francesco Bagnaia,Italy,Ducati,1,30,1.0,1.05,0.51,0.305389,548,12.1,17.6,6.6,27.42,0.881,0.606,1.0
2027,950,Jorge Martin,Spain,Aprilia,2,29,1.0,1.033,0.76,0.45509,549,3.2,17.3,7.6,27.46,0.865,0.162,1.0
2027,950,Fabio Quartararo,France,Yamaha,2,28,1.0,1.057,0.0,0.0,117,0.0,0.0,0.0,5.85,0.0,0.0,1.0
2027,950,Enea Bastianini,Italy,KTM,3,30,1.0,1.017,0.07,0.041916,334,1.7,7.8,0.9,16.7,0.389,0.087,0.865
2027,950,Brad Binder,South Africa,KTM,1,32,1.0,1.0,0.05,0.02994,220,0.0,1.1,0.0,12.22,0.059,0.0,1.0
2027,950,Alex Marquez,Spain,Ducati,2,31,1.0,1.023,0.0,0.0,174,0.0,1.0,0.0,8.69,0.05,0.0,1.0
2027,950,Maverick Vinales,Spain,KTM,3,33,0.96,1.027,0.0,0.0,176,0.9,0.9,0.9,8.81,0.046,0.046,0.927
2027,950,Jack Miller,Australia,Yamaha,2,32,1.0,0.99,0.0,0.0,87,0.0,0.0,0.0,4.59,0.0,0.0,1.0
2027,950,Johann Zarco,France,Honda,3,37,0.65,0.997,0.0,0.0,31,0.0,0.0,0.0,1.56,0.0,0.0,0.568
2027,950,Franco Morbidelli,Italy,Ducati,2,33,0.96,1.003,0.0,0.0,160,0.0,0.0,0.0,8.02,0.0,0.0,0.928
2027,950,Joan Mir,Spain,Honda,3,30,1.0,1.007,0.0,0.0,19,0.0,0.0,0.0,0.99,0.0,0.0,0.898
2027,950,Alex Rins,Spain,Yamaha,2,32,1.0,1.013,0.0,0.0,30,0.0,0.0,0.0,1.77,0.0,0.0,0.972
2027,950,Luca Marini,Italy,Honda,3,30,1.0,0.983,0.0,0.0,13,0.0,0.0,0.0,0.66,0.0,0.0,0.895
2027,950,Marco Bezzecchi,Italy,Aprilia,2,29,1.0,1.01,0.0,0.0,155,0.0,1.0,0.0,7.73,0.051,0.0,1.0
2027,950,Fabio Di Giannantonio,Italy,Ducati,2,29,1.0,0.997,0.0,0.0,163,0.0,0.0,0.0,9.6,0.0,0.0,0.989
2027,950,Pedro Acosta,Spain,KTM,1,23,0.97,1.043,0.023333,0.013972,234,0.0,5.4,1.1,12.3,0.286,0.0,1.0
2027,950,Raul Fernandez,Spain,Aprilia,2,27,1.0,0.993,0.0,0.0,69,0.0,0.0,0.0,3.44,0.0,0.0,1.0
2027,950,Miguel Oliveira,Portugal,Yamaha,2,33,0.96,1.003,0.0,0.0,74,0.0,0.0,0.0,4.94,0.0,0.0,0.988
2027,950,Ai Ogura,Japan,Aprilia,2,26,1.0,1.017,0.056667,0.033932,17,0.0,0.0,0.0,17.4,0.0,0.0,1.0
2027,950,Fermin Aldeguer,Spain,Ducati,2,24,1.0,1.023,0.0,0.0,0,0.0,0.0,0.0,0.0,0.0,0.0,1.0
2027,950,Somkiat Chantra,Thailand,Honda,3,28,1.0,1.0,0.0,0.0,0,0.0,0.0,0.0,0.0,0.0,0.0,0.867
2027,900,Marc Marquez,Spain,Ducati,1,34,0.92,1.133,0.266667,0.150659,459,3.5,11.7,2.3,22.96,0.586,0.176,1.0
2027,900,Francesco Bagnaia,Italy,Ducati,1,30,1.0,1.1,0.563333,0.318267,621,13.7,19.9,7.5,31.04,0.997,0.686,1.0
2027,900,Jorge Martin,Spain,Aprilia,2,29,1.0,1.067,0.766667,0.433145,592,3.5,18.6,8.2,29.6,0.932,0.175,1.0
2027,900,Fabio Quartararo,France,Yamaha,2,28,1.0,1.113,0.0,0.0,126,0.0,0.0,0.0,6.31,0.0,0.0,1.0
2027,900,Enea Bastianini,Italy,KTM,3,30,1.0,1.033,0.05,0.028249,365,1.9,8.5,0.9,18.25,0.426,0.095,0.946
2027,900,Brad Binder,South Africa,KTM,1,32,1.0,1.0,0.043333,0.024482,241,0.0,1.2,0.0,13.4,0.065,0.0,1.0
2027,900,Alex Marquez,Spain,Ducati,2,31,1.0,1.047,0.0,0.0,183,0.0,1.1,0.0,9.15,0.053,0.0,1.0
2027,900,Maverick Vinales,Spain,KTM,3,33,0.96,1.053,0.0,0.0,159,0.8,0.8,0.8,7.95,0.042,0.042,0.837
2027,900,Jack Miller,Australia,Yamaha,2,32,1.0,0.98,0.0,0.0,90,0.0,0.0,0.0,4.74,0.0,0.0,1.0
2027,900,Johann Zarco,France,Honda,3,37,0.65,0.993,0.0,0.0,32,0.0,0.0,0.0,1.58,0.0,0.0,0.576
2027,900,Franco Morbidelli,Italy,Ducati,2,33,0.96,1.007,0.0,0.0,173,0.0,0.0,0.0,8.67,0.0,0.0,1.0
2027,900,Joan Mir,Spain,Honda,3,30,1.0,1.013,0.0,0.0,19,0.0,0.0,0.0,1.02,0.0,0.0,0.924
2027,900,Alex Rins,Spain,Yamaha,2,32,1.0,1.027,0.0,0.0,32,0.0,0.0,0.0,1.89,0.0,0.0,1.0
2027,900,Luca Marini,Italy,Honda,3,30,1.0,0.967,0.0,0.0,12,0.0,0.0,0.0,0.61,0.0,0.0,0.827
2027,900,Marco Bezzecchi,Italy,Aprilia,2,29,1.0,1.02,0.0,0.0,145,0.0,0.9,0.0,7.23,0.047,0.0,0.945
2027,900,Fabio Di Giannantonio,Italy,Ducati,2,29,1.0,0.993,0.0,0.0,154,0.0,0.0,0.0,9.08,0.0,0.0,0.935
2027,900,Pedro Acosta,Spain,KTM,1,23,0.97,1.087,0.023333,0.013183,247,0.0,5.8,1.2,13.01,0.303,0.0,1.0
2027,900,Raul Fernandez,Spain,Aprilia,2,27,1.0,0.987,0.0,0.0,64,0.0,0.0,0.0,3.19,0.0,0.0,0.967
2027,900,Miguel Oliveira,Portugal,Yamaha,2,33,0.96,1.007,0.0,0.0,74,0.0,0.0,0.0,4.94,0.0,0.0,0.987
2027,900,Ai Ogura,Japan,Aprilia,2,26,1.0,1.033,0.056667,0.032015,17,0.0,0.0,0.0,16.52,0.0,0.0,0.972
2027,900,Fermin Aldeguer,Spain,Ducati,2,24,1.0,1.047,0.0,0.0,0,0.0,0.0,0.0,0.0,0.0,0.0,1.0
2027,900,Somkiat Chantra,Thailand,Honda,3,28,1.0,1.0,0.0,0.0,0,0.0,0.0,0.0,0.0,0.0,0.0,0.907
2027,850,Marc Marquez,Spain,Ducati,1,34,0.92,1.2,0.253333,0.144213,485,3.7,12.4,2.5,24.24,0.618,0.185,1.0
2027,850,Francesco Bagnaia,Italy,Ducati,1,30,1.0,1.15,0.563333,0.320683,622,13.7,20.0,7.5,31.12,1.0,0.687,1.0
2027,850,Jorge Martin,Spain,Aprilia,2,29,1.0,1.1,0.763333,0.434535,556,3.3,17.5,7.7,27.79,0.875,0.164,1.0
2027,850,Fabio Quartararo,France,Yamaha,2,28,1.0,1.17,0.0,0.0,132,0.0,0.0,0.0,6.61,0.0,0.0,1.0
2027,850,Enea Bastianini,Italy,KTM,3,30,1.0,1.05,0.053333,0.030361,369,1.9,8.6,1.0,18.45,0.43,0.096,0.956
2027,850,Brad Binder,South Africa,KTM,1,32,1.0,1.0,0.043333,0.024668,227,0.0,1.1,0.0,12.61,0.061,0.0,1.0
2027,850,Alex Marquez,Spain,Ducati,2,31,1.0,1.07,0.0,0.0,191,0.0,1.1,0.0,9.56,0.055,0.0,1.0
2027,850,Maverick Vinales,Spain,KTM,3,33,0.96,1.08,0.0,0.0,186,1.0,1.0,1.0,9.32,0.049,0.049,0.981
2027,850,Jack Miller,Australia,Yamaha,2,32,1.0,0.97,0.0,0.0,81,0.0,0.0,0.0,4.25,0.0,0.0,0.927
2027,850,Johann Zarco,France,Honda,3,37,0.65,0.99,0.0,0.0,31,0.0,0.0,0.0,1.56,0.0,0.0,0.568
2027,850,Franco Morbidelli,Italy,Ducati,2,33,0.96,1.01,0.0,0.0,162,0.0,0.0,0.0,8.09,0.0,0.0,0.936
2027,850,Joan Mir,Spain,Honda,3,30,1.0,1.02,0.0,0.0,19,0.0,0.0,0.0,1.02,0.0,0.0,0.924
2027,850,Alex Rins,Spain,Yamaha,2,32,1.0,1.04,0.0,0.0,33,0.0,0.0,0.0,1.96,0.0,0.0,1.0
2027,850,Luca Marini,Italy,Honda,3,30,1.0,0.95,0.0,0.0,13,0.0,0.0,0.0,0.68,0.0,0.0,0.925
2027,850,Marco Bezzecchi,Italy,Aprilia,2,29,1.0,1.03,0.0,0.0,164,0.0,1.1,0.0,8.21,0.054,0.0,1.0
2027,850,Fabio Di Giannantonio,Italy,Ducati,2,29,1.0,0.99,0.0,0.0,164,0.0,0.0,0.0,9.67,0.0,0.0,0.997
2027,850,Pedro Acosta,Spain,KTM,1,23,0.97,1.13,0.023333,0.013283,251,0.0,5.8,1.2,13.22,0.308,0.0,1.0
2027,850,Raul Fernandez,Spain,Aprilia,2,27,1.0,0.98,0.0,0.0,66,0.0,0.0,0.0,3.32,0.0,0.0,1.0
2027,850,Miguel Oliveira,Portugal,Yamaha,2,33,0.96,1.01,0.0,0.0,66,0.0,0.0,0.0,4.41,0.0,0.0,0.881
2027,850,Ai Ogura,Japan,Aprilia,2,26,1.0,1.05,0.056667,0.032258,19,0.0,0.0,0.0,18.95,0.0,0.0,1.0
2027,850,Fermin Aldeguer,Spain,Ducati,2,24,1.0,1.07,0.0,0.0,0,0.0,0.0,0.0,0.0,0.0,0.0,1.0
2027,850,Somkiat Chantra,Thailand,Honda,3,28,1.0,1.0,0.0,0.0,0,0.0,0.0,0.0,0.0,0.0,0.0,0.863
2028,1000,Marc Marquez,Spain,Ducati,1,35,0.88,1.0,0.1,0.060852,365,2.8,9.3,1.9,18.25,0.466,0.14,0.931
2028,1000,Francesco Bagnaia,Italy,Ducati,1,31,1.0,1.0,0.556667,0.338742,569,12.6,18.3,6.9,28.47,0.915,0.629,1.0
2028,1000,Jorge Martin,Spain,Aprilia,2,30,1.0,1.0,0.76,0.462475,549,3.2,17.3,7.6,27.46,0.865,0.162,1.0
2028,1000,Fabio Quartararo,France,Yamaha,2,29,1.0,1.0,0.0,0.0,114,0.0,0.0,0.0,5.7,0.0,0.0,1.0
2028,1000,Enea Bastianini,Italy,KTM,3,31,1.0,1.0,0.096667,0.058824,325,1.7,7.6,0.8,16.24,0.379,0.084,0.841
2028,1000,Brad Binder,South Africa,KTM,1,33,0.96,1.0,0.05,0.030426,216,0.0,1.1,0.0,12.02,0.058,0.0,1.0
2028,1000,Alex Marquez,Spain,Ducati,2,32,1.0,1.0,0.0,0.0,169,0.0,1.0,0.0,8.45,0.049,0.0,0.977
2028,1000,Maverick Vinales,Spain,KTM,3,34,0.92,1.0,0.0,0.0,166,0.9,0.9,0.9,8.31,0.044,0.044,0.875
2028,1000,Jack Miller,Australia,Yamaha,2,33,0.96,1.0,0.0,0.0,89,0.0,0.0,0.0,4.68,0.0,0.0,1.0
2028,1000,Johann Zarco,France,Honda,3,38,0.6,1.0,0.0,0.0,29,0.0,0.0,0.0,1.47,0.0,0.0,0.533
2028,1000,Franco Morbidelli,Italy,Ducati,2,34,0.92,1.0,0.0,0.0,149,0.0,0.0,0.0,7.43,0.0,0.0,0.858
2028,1000,Joan Mir,Spain,Honda,3,31,1.0,1.0,0.0,0.0,19,0.0,0.0,0.0,0.99,0.0,0.0,0.894
2028,1000,Alex Rins,Spain,Yamaha,2,33,0.96,1.0,0.0,0.0,30,0.0,0.0,0.0,1.76,0.0,0.0,0.966
2028,1000,Luca Marini,Italy,Honda,3,31,1.0,1.0,0.0,0.0,13,0.0,0.0,0.0,0.69,0.0,0.0,0.939
2028,1000,Marco Bezzecchi,Italy,Aprilia,2,30,1.0,1.0,0.0,0.0,152,0.0,1.0,0.0,7.59,0.05,0.0,0.992
2028,1000,Fabio Di Giannantonio,Italy,Ducati,2,30,1.0,1.0,0.0,0.0,171,0.0,0.0,0.0,10.07,0.0,0.0,1.0
2028,1000,Pedro Acosta,Spain,KTM,1,24,1.0,1.0,0.023333,0.014199,234,0.0,5.4,1.1,12.31,0.286,0.0,1.0
2028,1000,Raul Fernandez,Spain,Aprilia,2,28,1.0,1.0,0.0,0.0,66,0.0,0.0,0.0,3.28,0.0,0.0,0.994
2028,1000,Miguel Oliveira,Portugal,Yamaha,2,34,0.92,1.0,0.0,0.0,68,0.0,0.0,0.0,4.56,0.0,0.0,0.913
2028,1000,Ai Ogura,Japan,Aprilia,2,27,1.0,1.0,0.056667,0.034483,18,0.0,0.0,0.0,17.94,0.0,0.0,1.0
2028,1000,Fermin Aldeguer,Spain,Ducati,2,25,1.0,1.0,0.0,0.0,0,0.0,0.0,0.0,0.0,0.0,0.0,1.0
2028,1000,Somkiat Chantra,Thailand,Honda,3,29,1.0,1.0,0.0,0.0,0,0.0,0.0,0.0,0.0,0.0,0.0,0.871
2028,950,Marc Marquez,Spain,Ducati,1,35,0.88,1.067,0.2,0.137615,404,3.1,10.3,2.1,20.21,0.515,0.155,1.0
2028,950,Francesco Bagnaia,Italy,Ducati,1,31,1.0,1.05,0.366667,0.252294,524,11.6,16.8,6.3,26.2,0.842,0.579,1.0
2028,950,Jorge Martin,Spain,Aprilia,2,30,1.0,1.033,0.76,0.522936,517,3.1,16.3,7.1,25.84,0.814,0.153,1.0
2028,950,Fabio Quartararo,France,Yamaha,2,29,1.0,1.057,0.0,0.0,126,0.0,0.0,0.0,6.29,0.0,0.0,1.0
2028,950,Enea Bastianini,Italy,KTM,3,31,1.0,1.017,0.046667,0.03211,358,1.9,8.3,0.9,17.88,0.417,0.093,0.926
2028,950,Brad Binder,South Africa,KTM,1,33,0.96,1.0,0.003333,0.002294,212,0.0,1.0,0.0,11.8,0.057,0.0,1.0
2028,950,Alex Marquez,Spain,Ducati,2,32,1.0,1.023,0.0,0.0,183,0.0,1.1,0.0,9.15,0.053,0.0,1.0
2028,950,Maverick Vinales,Spain,KTM,3,34,0.92,1.027,0.0,0.0,159,0.8,0.8,0.8,7.94,0.042,0.042,0.836
2028,950,Jack Miller,Australia,Yamaha,2,33,0.96,0.99,0.0,0.0,82,0.0,0.0,0.0,4.3,0.0,0.0,0.939
2028,950,Johann Zarco,France,Honda,3,38,0.6,0.997,0.0,0.0,28,0.0,0.0,0.0,1.41,0.0,0.0,0.513
2028,950,Franco Morbidelli,Italy,Ducati,2,34,0.92,1.003,0.0,0.0,165,0.0,0.0,0.0,8.26,0.0,0.0,0.955
2028,950,Joan Mir,Spain,Honda,3,31,1.0,1.007,0.0,0.0,20,0.0,0.0,0.0,1.04,0.0,0.0,0.945
2028,950,Alex Rins,Spain,Yamaha,2,33,0.96,1.013,0.0,0.0,34,0.0,0.0,0.0,1.97,0.0,0.0,1.0
2028,950,Luca Marini,Italy,Honda,3,31,1.0,0.983,0.0,0.0,12,0.0,0.0,0.0,0.65,0.0,0.0,0.876
2028,950,Marco Bezzecchi,Italy,Aprilia,2,30,1.0,1.01,0.0,0.0,151,0.0,1.0,0.0,7.55,0.049,0.0,0.987
2028,950,Fabio Di Giannantonio,Italy,Ducati,2,30,1.0,0.997,0.0,0.0,170,0.0,0.0,0.0,10.0,0.0,0.0,1.0
2028,950,Pedro Acosta,Spain,KTM,1,24,1.0,1.043,0.02,0.013761,256,0.0,6.0,1.2,13.48,0.314,0.0,1.0
2028,950,Raul Fernandez,Spain,Aprilia,2,28,1.0,0.993,0.0,0.0,63,0.0,0.0,0.0,3.15,0.0,0.0,0.956
2028,950,Miguel Oliveira,Portugal,Yamaha,2,34,0.92,1.003,0.0,0.0,70,0.0,0.0,0.0,4.66,0.0,0.0,0.932
2028,950,Ai Ogura,Japan,Aprilia,2,27,1.0,1.017,0.056667,0.038991,17,0.0,0.0,0.0,16.58,0.0,0.0,0.975
2028,950,Fermin Aldeguer,Spain,Ducati,2,25,1.0,1.023,0.0,0.0,0,0.0,0.0,0.0,0.0,0.0,0.0,0.997
2028,950,Somkiat Chantra,Thailand,Honda,3,29,1.0,1.0,0.0,0.0,0,0.0,0.0,0.0,0.0,0.0,0.0,0.946
2028,900,Marc Marquez,Spain,Ducati,1,35,0.88,1.133,0.263333,0.151631,422,3.2,10.8,2.2,21.08,0.538,0.161,1.0
2028,900,Francesco Bagnaia,Italy,Ducati,1,31,1.0,1.1,0.563333,0.324376,612,13.5,19.7,7.4,30.59,0.983,0.676,1.0
2028,900,Jorge Martin,Spain,Aprilia,2,30,1.0,1.067,0.76,0.43762,526,3.1,16.6,7.2,26.29,0.828,0.155,1.0
2028,900,Fabio Quartararo,France,Yamaha,2,29,1.0,1.113,0.0,0.0,121,0.0,0.0,0.0,6.06,0.0,0.0,1.0
2028,900,Enea Bastianini,Italy,KTM,3,31,1.0,1.033,0.056667,0.03263,345,1.8,8.0,0.9,17.23,0.402,0.089,0.893
2028,900,Brad Binder,South Africa,KTM,1,33,0.96,1.0,0.013333,0.007678,214,0.0,1.0,0.0,11.86,0.058,0.0,1.0
2028,900,Alex Marquez,Spain,Ducati,2,32,1.0,1.047,0.0,0.0,178,0.0,1.0,0.0,8.91,0.051,0.0,1.0
2028,900,Maverick Vinales,Spain,KTM,3,34,0.92,1.053,0.0,0.0,161,0.8,0.8,0.8,8.03,0.042,0.042,0.846
2028,900,Jack Miller,Australia,Yamaha,2,33,0.96,0.98,0.0,0.0,80,0.0,0.0,0.0,4.19,0.0,0.0,0.915
2028,900,Johann Zarco,France,Honda,3,38,0.6,0.993,0.0,0.0,30,0.0,0.0,0.0,1.5,0.0,0.0,0.546
2028,900,Franco Morbidelli,Italy,Ducati,2,34,0.92,1.007,0.0,0.0,180,0.0,0.0,0.0,8.98,0.0,0.0,1.0
2028,900,Joan Mir,Spain,Honda,3,31,1.0,1.013,0.0,0.0,21,0.0,0.0,0.0,1.12,0.0,0.0,1.0
2028,900,Alex Rins,Spain,Yamaha,2,33,0.96,1.027,0.0,0.0,31,0.0,0.0,0.0,1.82,0.0,0.0,0.996
2028,900,Luca Marini,Italy,Honda,3,31,1.0,0.967,0.0,0.0,14,0.0,0.0,0.0,0.71,0.0,0.0,0.968
2028,900,Marco Bezzecchi,Italy,Aprilia,2,30,1.0,1.02,0.0,0.0,153,0.0,1.0,0.0,7.64,0.05,0.0,0.998
2028,900,Fabio Di Giannantonio,Italy,Ducati,2,30,1.0,0.993,0.0,0.0,153,0.0,0.0,0.0,9.01,0.0,0.0,0.928
2028,900,Pedro Acosta,Spain,KTM,1,24,1.0,1.087,0.023333,0.013436,261,0.0,6.1,1.2,13.75,0.32,0.0,1.0
2028,900,Raul Fernandez,Spain,Aprilia,2,28,1.0,0.987,0.0,0.0,68,0.0,0.0,0.0,3.41,0.0,0.0,1.0
2028,900,Miguel Oliveira,Portugal,Yamaha,2,34,0.92,1.007,0.0,0.0,64,0.0,0.0,0.0,4.29,0.0,0.0,0.859
2028,900,Ai Ogura,Japan,Aprilia,2,27,1.0,1.033,0.056667,0.03263,18,0.0,0.0,0.0,18.23,0.0,0.0,1.0
2028,900,Fermin Aldeguer,Spain,Ducati,2,25,1.0,1.047,0.0,0.0,0,0.0,0.0,0.0,0.0,0.0,0.0,1.0
2028,900,Somkiat Chantra,Thailand,Honda,3,29,1.0,1.0,0.0,0.0,0,0.0,0.0,0.0,0.0,0.0,0.0,0.899
2028,850,Marc Marquez,Spain,Ducati,1,35,0.88,1.2,0.266667,0.142096,439,3.4,11.2,2.2,21.97,0.561,0.168,1.0
2028,850,Francesco Bagnaia,Italy,Ducati,1,31,1.0,1.15,0.563333,0.300178,611,13.5,19.6,7.4,30.53,0.981,0.674,1.0
2028,850,Jorge Martin,Spain,Aprilia,2,30,1.0,1.1,0.76,0.404973,540,3.2,17.0,7.4,27.01,0.851,0.159,1.0
2028,850,Fabio Quartararo,France,Yamaha,2,29,1.0,1.17,0.0,0.0,129,0.0,0.0,0.0,6.47,0.0,0.0,1.0
2028,850,Enea Bastianini,Italy,KTM,3,31,1.0,1.05,0.15,0.079929,388,2.0,9.0,1.0,19.4,0.452,0.101,1.0
2028,850,Brad Binder,South Africa,KTM,1,33,0.96,1.0,0.05,0.026643,222,0.0,1.1,0.0,12.34,0.06,0.0,1.0
2028,850,Alex Marquez,Spain,Ducati,2,32,1.0,1.07,0.0,0.0,183,0.0,1.1,0.0,9.14,0.053,0.0,1.0
2028,850,Maverick Vinales,Spain,KTM,3,34,0.92,1.08,0.0,0.0,182,1.0,1.0,1.0,9.1,0.048,0.048,0.958
2028,850,Jack Miller,Australia,Yamaha,2,33,0.96,0.97,0.0,0.0,83,0.0,0.0,0.0,4.36,0.0,0.0,0.953
2028,850,Johann Zarco,France,Honda,3,38,0.6,0.99,0.0,0.0,29,0.0,0.0,0.0,1.43,0.0,0.0,0.521
2028,850,Franco Morbidelli,Italy,Ducati,2,34,0.92,1.01,0.0,0.0,170,0.0,0.0,0.0,8.51,0.0,0.0,0.984
2028,850,Joan Mir,Spain,Honda,3,31,1.0,1.02,0.0,0.0,19,0.0,0.0,0.0,1.02,0.0,0.0,0.924
2028,850,Alex Rins,Spain,Yamaha,2,33,0.96,1.04,0.0,0.0,30,0.0,0.0,0.0,1.76,0.0,0.0,0.966
2028,850,Luca Marini,Italy,Honda,3,31,1.0,0.95,0.0,0.0,11,0.0,0.0,0.0,0.58,0.0,0.0,0.788
2028,850,Marco Bezzecchi,Italy,Aprilia,2,30,1.0,1.03,0.0,0.0,161,0.0,1.1,0.0,8.04,0.053,0.0,1.0
2028,850,Fabio Di Giannantonio,Italy,Ducati,2,30,1.0,0.99,0.0,0.0,159,0.0,0.0,0.0,9.38,0.0,0.0,0.966
2028,850,Pedro Acosta,Spain,KTM,1,24,1.0,1.13,0.03,0.015986,271,0.0,6.3,1.3,14.27,0.332,0.0,1.0
2028,850,Raul Fernandez,Spain,Aprilia,2,28,1.0,0.98,0.0,0.0,66,0.0,0.0,0.0,3.28,0.0,0.0,0.994
2028,850,Miguel Oliveira,Portugal,Yamaha,2,34,0.92,1.01,0.0,0.0,70,0.0,0.0,0.0,4.66,0.0,0.0,0.933
2028,850,Ai Ogura,Japan,Aprilia,2,27,1.0,1.05,0.056667,0.030195,18,0.0,0.0,0.0,18.22,0.0,0.0,1.0
2028,850,Fermin Aldeguer,Spain,Ducati,2,25,1.0,1.07,0.0,0.0,0,0.0,0.0,0.0,0.0,0.0,0.0,1.0
2028,850,Somkiat Chantra,Thailand,Honda,3,29,1.0,1.0,0.0,0.0,0,0.0,0.0,0.0,0.0,0.0,0.0,0.925
2029,1000,Marc Marquez,Spain,Ducati,1,36,0.84,1.0,0.196667,0.118952,386,3.0,9.8,2.0,19.29,0.492,0.148,0.984
2029,1000,Francesco Bagnaia,Italy,Ducati,1,32,1.0,1.0,0.563333,0.340726,593,13.1,19.1,7.1,29.65,0.953,0.655,1.0
2029,1000,Jorge Martin,Spain,Aprilia,2,31,1.0,1.0,0.716667,0.433468,478,2.8,15.0,6.6,23.88,0.752,0.141,0.94
2029,1000,Fabio Quartararo,France,Yamaha,2,30,1.0,1.0,0.0,0.0,106,0.0,0.0,0.0,5.3,0.0,0.0,0.939
2029,1000,Enea Bastianini,Italy,KTM,3,32,1.0,1.0,0.046667,0.028226,363,1.9,8.5,0.9,18.15,0.423,0.094,0.94
2029,1000,Brad Binder,South Africa,KTM,1,34,0.92,1.0,0.05,0.030242,219,0.0,1.1,0.0,12.15,0.059,0.0,1.0
2029,1000,Alex Marquez,Spain,Ducati,2,33,0.96,1.0,0.0,0.0,167,0.0,1.0,0.0,8.35,0.048,0.0,0.966
2029,1000,Maverick Vinales,Spain,KTM,3,35,0.88,1.0,0.0,0.0,150,0.8,0.8,0.8,7.5,0.039,0.039,0.789
2029,1000,Jack Miller,Australia,Yamaha,2,34,0.92,1.0,0.0,0.0,85,0.0,0.0,0.0,4.48,0.0,0.0,0.977
2029,1000,Johann Zarco,France,Honda,3,39,0.6,1.0,0.0,0.0,28,0.0,0.0,0.0,1.41,0.0,0.0,0.514
2029,1000,Franco Morbidelli,Italy,Ducati,2,35,0.88,1.0,0.0,0.0,146,0.0,0.0,0.0,7.29,0.0,0.0,0.842
2029,1000,Joan Mir,Spain,Honda,3,32,1.0,1.0,0.0,0.0,20,0.0,0.0,0.0,1.03,0.0,0.0,0.936
2029,1000,Alex Rins,Spain,Yamaha,2,34,0.92,1.0,0.0,0.0,30,0.0,0.0,0.0,1.74,0.0,0.0,0.954
2029,1000,Luca Marini,Italy,Honda,3,32,1.0,1.0,0.0,0.0,14,0.0,0.0,0.0,0.72,0.0,0.0,0.975
2029,1000,Marco Bezzecchi,Italy,Aprilia,2,31,1.0,1.0,0.0,0.0,147,0.0,1.0,0.0,7.35,0.048,0.0,0.961
2029,1000,Fabio Di Giannantonio,Italy,Ducati,2,31,1.0,1.0,0.0,0.0,160,0.0,0.0,0.0,9.4,0.0,0.0,0.968
2029,1000,Pedro Acosta,Spain,KTM,1,25,1.0,1.0,0.023333,0.014113,242,0.0,5.6,1.1,12.74,0.296,0.0,1.0
2029,1000,Raul Fernandez,Spain,Aprilia,2,29,1.0,1.0,0.0,0.0,67,0.0,0.0,0.0,3.37,0.0,0.0,1.0
2029,1000,Miguel Oliveira,Portugal,Yamaha,2,35,0.88,1.0,0.0,0.0,61,0.0,0.0,0.0,4.05,0.0,0.0,0.809
2029,1000,Ai Ogura,Japan,Aprilia,2,28,1.0,1.0,0.056667,0.034274,18,0.0,0.0,0.0,18.2,0.0,0.0,1.0
2029,1000,Fermin Aldeguer,Spain,Ducati,2,26,1.0,1.0,0.0,0.0,0,0.0,0.0,0.0,0.0,0.0,0.0,1.0
2029,1000,Somkiat Chantra,Thailand,Honda,3,30,1.0,1.0,0.0,0.0,0,0.0,0.0,0.0,0.0,0.0,0.0,0.904
2029,950,Marc Marquez,Spain,Ducati,1,36,0.84,1.067,0.196667,0.118952,388,3.0,9.9,2.0,19.42,0.496,0.149,0.991
2029,950,Francesco Bagnaia,Italy,Ducati,1,32,1.0,1.05,0.556667,0.336694,582,12.8,18.7,7.0,29.09,0.935,0.642,1.0
2029,950,Jorge Martin,Spain,Aprilia,2,31,1.0,1.033,0.763333,0.461694,561,3.3,17.7,7.7,28.04,0.883,0.166,1.0
2029,950,Fabio Quartararo,France,Yamaha,2,30,1.0,1.057,0.0,0.0,122,0.0,0.0,0.0,6.09,0.0,0.0,1.0
2029,950,Enea Bastianini,Italy,KTM,3,32,1.0,1.017,0.056667,0.034274,350,1.8,8.2,0.9,17.52,0.408,0.091,0.908
2029,950,Brad Binder,South Africa,KTM,1,34,0.92,1.0,0.0,0.0,211,0.0,1.0,0.0,11.72,0.057,0.0,1.0
2029,950,Alex Marquez,Spain,Ducati,2,33,0.96,1.023,0.0,0.0,173,0.0,1.0,0.0,8.63,0.05,0.0,0.998
2029,950,Maverick Vinales,Spain,KTM,3,35,0.88,1.027,0.0,0.0,168,0.9,0.9,0.9,8.42,0.044,0.044,0.887
2029,950,Jack Miller,Australia,Yamaha,2,34,0.92,0.99,0.0,0.0,74,0.0,0.0,0.0,3.89,0.0,0.0,0.849
2029,950,Johann Zarco,France,Honda,3,39,0.6,0.997,0.0,0.0,29,0.0,0.0,0.0,1.46,0.0,0.0,0.531
2029,950,Franco Morbidelli,Italy,Ducati,2,35,0.88,1.003,0.0,0.0,145,0.0,0.0,0.0,7.23,0.0,0.0,0.836
2029,950,Joan Mir,Spain,Honda,3,32,1.0,1.007,0.0,0.0,19,0.0,0.0,0.0,1.0,0.0,0.0,0.908
2029,950,Alex Rins,Spain,Yamaha,2,34,0.92,1.013,0.0,0.0,29,0.0,0.0,0.0,1.7,0.0,0.0,0.932
2029,950,Luca Marini,Italy,Honda,3,32,1.0,0.983,0.0,0.0,12,0.0,0.0,0.0,0.66,0.0,0.0,0.892
2029,950,Marco Bezzecchi,Italy,Aprilia,2,31,1.0,1.01,0.0,0.0,152,0.0,1.0,0.0,7.58,0.05,0.0,0.99
2029,950,Fabio Di Giannantonio,Italy,Ducati,2,31,1.0,0.997,0.0,0.0,151,0.0,0.0,0.0,8.89,0.0,0.0,0.916
2029,950,Pedro Acosta,Spain,KTM,1,25,1.0,1.043,0.023333,0.014113,247,0.0,5.7,1.1,12.97,0.302,0.0,1.0
2029,950,Raul Fernandez,Spain,Aprilia,2,29,1.0,0.993,0.0,0.0,66,0.0,0.0,0.0,3.31,0.0,0.0,1.0
2029,950,Miguel Oliveira,Portugal,Yamaha,2,35,0.88,1.003,0.0,0.0,61,0.0,0.0,0.0,4.09,0.0,0.0,0.818
2029,950,Ai Ogura,Japan,Aprilia,2,28,1.0,1.017,0.056667,0.034274,17,0.0,0.0,0.0,17.13,0.0,0.0,1.0
2029,950,Fermin Aldeguer,Spain,Ducati,2,26,1.0,1.023,0.0,0.0,0,0.0,0.0,0.0,0.0,0.0,0.0,1.0
2029,950,Somkiat Chantra,Thailand,Honda,3,30,1.0,1.0,0.0,0.0,0,0.0,0.0,0.0,0.0,0.0,0.0,0.914
2029,900,Marc Marquez,Spain,Ducati,1,36,0.84,1.133,0.213333,0.121212,411,3.1,10.5,2.1,20.57,0.525,0.157,1.0
2029,900,Francesco Bagnaia,Italy,Ducati,1,32,1.0,1.1,0.556667,0.316288,575,12.7,18.5,6.9,28.76,0.924,0.635,1.0
2029,900,Jorge Martin,Spain,Aprilia,2,31,1.0,1.067,0.763333,0.433712,569,3.4,17.9,7.8,28.45,0.896,0.168,1.0
2029,900,Fabio Quartararo,France,Yamaha,2,30,1.0,1.113,0.0,0.0,124,0.0,0.0,0.0,6.19,0.0,0.0,1.0
2029,900,Enea Bastianini,Italy,KTM,3,32,1.0,1.033,0.096667,0.054924,325,1.7,7.6,0.8,16.27,0.379,0.084,0.843
2029,900,Brad Binder,South Africa,KTM,1,34,0.92,1.0,0.05,0.028409,219,0.0,1.1,0.0,12.17,0.059,0.0,1.0
2029,900,Alex Marquez,Spain,Ducati,2,33,0.96,1.047,0.0,0.0,178,0.0,1.0,0.0,8.92,0.052,0.0,1.0
2029,900,Maverick Vinales,Spain,KTM,3,35,0.88,1.053,0.0,0.0,149,0.8,0.8,0.8,7.43,0.039,0.039,0.782
2029,900,Jack Miller,Australia,Yamaha,2,34,0.92,0.98,0.0,0.0,81,0.0,0.0,0.0,4.25,0.0,0.0,0.929
2029,900,Johann Zarco,France,Honda,3,39,0.6,0.993,0.0,0.0,30,0.0,0.0,0.0,1.5,0.0,0.0,0.545
2029,900,Franco Morbidelli,Italy,Ducati,2,35,0.88,1.007,0.0,0.0,159,0.0,0.0,0.0,7.95,0.0,0.0,0.92
2029,900,Joan Mir,Spain,Honda,3,32,1.0,1.013,0.0,0.0,18,0.0,0.0,0.0,0.94,0.0,0.0,0.851
2029,900,Alex Rins,Spain,Yamaha,2,34,0.92,1.027,0.0,0.0,31,0.0,0.0,0.0,1.82,0.0,0.0,0.999
2029,900,Luca Marini,Italy,Honda,3,32,1.0,0.967,0.0,0.0,13,0.0,0.0,0.0,0.67,0.0,0.0,0.908
2029,900,Marco Bezzecchi,Italy,Aprilia,2,31,1.0,1.02,0.0,0.0,158,0.0,1.0,0.0,7.89,0.052,0.0,1.0
2029,900,Fabio Di Giannantonio,Italy,Ducati,2,31,1.0,0.993,0.0,0.0,162,0.0,0.0,0.0,9.55,0.0,0.0,0.984
2029,900,Pedro Acosta,Spain,KTM,1,25,1.0,1.087,0.023333,0.013258,263,0.0,6.1,1.2,13.83,0.322,0.0,1.0
2029,900,Raul Fernandez,Spain,Aprilia,2,29,1.0,0.987,0.0,0.0,62,0.0,0.0,0.0,3.12,0.0,0.0,0.945
2029,900,Miguel Oliveira,Portugal,Yamaha,2,35,0.88,1.007,0.0,0.0,67,0.0,0.0,0.0,4.44,0.0,0.0,0.888
2029,900,Ai Ogura,Japan,Aprilia,2,28,1.0,1.033,0.056667,0.032197,19,0.0,0.0,0.0,18.85,0.0,0.0,1.0
2029,900,Fermin Aldeguer,Spain,Ducati,2,26,1.0,1.047,0.0,0.0,0,0.0,0.0,0.0,0.0,0.0,0.0,1.0
2029,900,Somkiat Chantra,Thailand,Honda,3,30,1.0,1.0,0.0,0.0,0,0.0,0.0,0.0,0.0,0.0,0.0,0.917
2029,850,Marc Marquez,Spain,Ducati,1,36,0.84,1.2,0.273333,0.158607,455,3.5,11.6,2.3,22.75,0.58,0.174,1.0
2029,850,Francesco Bagnaia,Italy,Ducati,1,32,1.0,1.15,0.563333,0.326886,654,14.5,21.0,7.9,32.72,1.0,0.723,1.0
2029,850,Jorge Martin,Spain,Aprilia,2,31,1.0,1.1,0.763333,0.44294,575,3.4,18.1,7.9,28.76,0.906,0.17,1.0
2029,850,Fabio Quartararo,France,Yamaha,2,30,1.0,1.17,0.0,0.0,128,0.0,0.0,0.0,6.38,0.0,0.0,1.0
2029,850,Enea Bastianini,Italy,KTM,3,32,1.0,1.05,0.043333,0.025145,378,2.0,8.8,1.0,18.9,0.441,0.098,0.979
2029,850,Brad Binder,South Africa,KTM,1,34,0.92,1.0,0.0,0.0,210,0.0,1.0,0.0,11.66,0.057,0.0,1.0
2029,850,Alex Marquez,Spain,Ducati,2,33,0.96,1.07,0.0,0.0,188,0.0,1.1,0.0,9.39,0.054,0.0,1.0
2029,850,Maverick Vinales,Spain,KTM,3,35,0.88,1.08,0.0,0.0,158,0.8,0.8,0.8,7.9,0.042,0.042,0.832
2029,850,Jack Miller,Australia,Yamaha,2,34,0.92,0.97,0.0,0.0,79,0.0,0.0,0.0,4.17,0.0,0.0,0.911
2029,850,Johann Zarco,France,Honda,3,39,0.6,0.99,0.0,0.0,29,0.0,0.0,0.0,1.47,0.0,0.0,0.533
2029,850,Franco Morbidelli,Italy,Ducati,2,35,0.88,1.01,0.0,0.0,156,0.0,0.0,0.0,7.79,0.0,0.0,0.901
2029,850,Joan Mir,Spain,Honda,3,32,1.0,1.02,0.0,0.0,20,0.0,0.0,0.0,1.06,0.0,0.0,0.959
2029,850,Alex Rins,Spain,Yamaha,2,34,0.92,1.04,0.0,0.0,29,0.0,0.0,0.0,1.69,0.0,0.0,0.927
2029,850,Luca Marini,Italy,Honda,3,32,1.0,0.95,0.0,0.0,13,0.0,0.0,0.0,0.66,0.0,0.0,0.899
2029,850,Marco Bezzecchi,Italy,Aprilia,2,31,1.0,1.03,0.0,0.0,159,0.0,1.0,0.0,7.95,0.052,0.0,1.0
2029,850,Fabio Di Giannantonio,Italy,Ducati,2,31,1.0,0.99,0.0,0.0,155,0.0,0.0,0.0,9.12,0.0,0.0,0.94
2029,850,Pedro Acosta,Spain,KTM,1,25,1.0,1.13,0.023333,0.01354,264,0.0,6.1,1.2,13.89,0.323,0.0,1.0
2029,850,Raul Fernandez,Spain,Aprilia,2,29,1.0,0.98,0.0,0.0,64,0.0,0.0,0.0,3.21,0.0,0.0,0.972
2029,850,Miguel Oliveira,Portugal,Yamaha,2,35,0.88,1.01,0.0,0.0,66,0.0,0.0,0.0,4.39,0.0,0.0,0.878
2029,850,Ai Ogura,Japan,Aprilia,2,28,1.0,1.05,0.056667,0.032882,17,0.0,0.0,0.0,16.73,0.0,0.0,0.984
2029,850,Fermin Aldeguer,Spain,Ducati,2,26,1.0,1.07,0.0,0.0,0,0.0,0.0,0.0,0.0,0.0,0.0,0.997
2029,850,Somkiat Chantra,Thailand,Honda,3,30,1.0,1.0,0.0,0.0,0,0.0,0.0,0.0,0.0,0.0,0.0,0.925
2030,1000,Marc Marquez,Spain,Ducati,1,37,0.65,1.0,0.123333,0.085847,260,2.0,6.6,1.3,13.01,0.332,0.1,0.664
2030,1000,Francesco Bagnaia,Italy,Ducati,1,33,0.96,1.0,0.366667,0.25522,527,11.6,16.9,6.3,26.33,0.846,0.582,1.0
2030,1000,Jorge Martin,Spain,Aprilia,2,32,1.0,1.0,0.76,0.529002,526,3.1,16.6,7.3,26.31,0.829,0.155,1.0
2030,1000,Fabio Quartararo,France,Yamaha,2,31,1.0,1.0,0.0,0.0,121,0.0,0.0,0.0,6.04,0.0,0.0,1.0
2030,1000,Enea Bastianini,Italy,KTM,3,33,0.96,1.0,0.106667,0.074246,311,1.6,7.2,0.8,15.53,0.362,0.08,0.804
2030,1000,Brad Binder,South Africa,KTM,1,35,0.88,1.0,0.0,0.0,192,0.0,0.9,0.0,10.69,0.052,0.0,0.934
2030,1000,Alex Marquez,Spain,Ducati,2,34,0.92,1.0,0.0,0.0,151,0.0,0.9,0.0,7.57,0.044,0.0,0.875
2030,1000,Maverick Vinales,Spain,KTM,3,36,0.84,1.0,0.0,0.0,149,0.8,0.8,0.8,7.47,0.039,0.039,0.786
2030,1000,Jack Miller,Australia,Yamaha,2,35,0.88,1.0,0.0,0.0,75,0.0,0.0,0.0,3.97,0.0,0.0,0.866
2030,1000,Johann Zarco,France,Honda,3,40,0.6,1.0,0.0,0.0,30,0.0,0.0,0.0,1.52,0.0,0.0,0.552
2030,1000,Franco Morbidelli,Italy,Ducati,2,36,0.84,1.0,0.0,0.0,145,0.0,0.0,0.0,7.27,0.0,0.0,0.84
2030,1000,Joan Mir,Spain,Honda,3,33,0.96,1.0,0.0,0.0,18,0.0,0.0,0.0,0.94,0.0,0.0,0.854
2030,1000,Alex Rins,Spain,Yamaha,2,35,0.88,1.0,0.0,0.0,27,0.0,0.0,0.0,1.57,0.0,0.0,0.862
2030,1000,Luca Marini,Italy,Honda,3,33,0.96,1.0,0.0,0.0,12,0.0,0.0,0.0,0.66,0.0,0.0,0.891
2030,1000,Marco Bezzecchi,Italy,Aprilia,2,32,1.0,1.0,0.0,0.0,151,0.0,1.0,0.0,7.53,0.049,0.0,0.984
2030,1000,Fabio Di Giannantonio,Italy,Ducati,2,32,1.0,1.0,0.0,0.0,168,0.0,0.0,0.0,9.9,0.0,0.0,1.0
2030,1000,Pedro Acosta,Spain,KTM,1,26,1.0,1.0,0.023333,0.016241,235,0.0,5.5,1.1,12.39,0.288,0.0,1.0
2030,1000,Raul Fernandez,Spain,Aprilia,2,30,1.0,1.0,0.0,0.0,67,0.0,0.0,0.0,3.34,0.0,0.0,1.0
2030,1000,Miguel Oliveira,Portugal,Yamaha,2,36,0.84,1.0,0.0,0.0,63,0.0,0.0,0.0,4.18,0.0,0.0,0.835
2030,1000,Ai Ogura,Japan,Aprilia,2,29,1.0,1.0,0.056667,0.039443,17,0.0,0.0,0.0,17.25,0.0,0.0,1.0
2030,1000,Fermin Aldeguer,Spain,Ducati,2,27,1.0,1.0,0.0,0.0,0,0.0,0.0,0.0,0.0,0.0,0.0,0.962
2030,1000,Somkiat Chantra,Thailand,Honda,3,31,1.0,1.0,0.0,0.0,0,0.0,0.0,0.0,0.0,0.0,0.0,0.961
2030,950,Marc Marquez,Spain,Ducati,1,37,0.65,1.067,0.093333,0.060215,310,2.4,7.9,1.6,15.49,0.395,0.119,0.79
2030,950,Francesco Bagnaia,Italy,Ducati,1,33,0.96,1.05,0.52,0.335484,554,12.2,17.8,6.7,27.68,0.889,0.611,1.0
2030,950,Jorge Martin,Spain,Aprilia,2,32,1.0,1.033,0.76,0.490323,517,3.1,16.3,7.1,25.84,0.814,0.153,1.0
2030,950,Fabio Quartararo,France,Yamaha,2,31,1.0,1.057,0.0,0.0,115,0.0,0.0,0.0,5.77,0.0,0.0,1.0
2030,950,Enea Bastianini,Italy,KTM,3,33,0.96,1.017,0.096667,0.062366,321,1.7,7.5,0.8,16.06,0.375,0.083,0.832
2030,950,Brad Binder,South Africa,KTM,1,35,0.88,1.0,0.0,0.0,190,0.0,0.9,0.0,10.55,0.051,0.0,0.922
2030,950,Alex Marquez,Spain,Ducati,2,34,0.92,1.023,0.0,0.0,163,0.0,0.9,0.0,8.14,0.047,0.0,0.941
2030,950,Maverick Vinales,Spain,KTM,3,36,0.84,1.027,0.0,0.0,150,0.8,0.8,0.8,7.51,0.04,0.04,0.791
2030,950,Jack Miller,Australia,Yamaha,2,35,0.88,0.99,0.0,0.0,75,0.0,0.0,0.0,3.95,0.0,0.0,0.863
2030,950,Johann Zarco,France,Honda,3,40,0.6,0.997,0.0,0.0,31,0.0,0.0,0.0,1.56,0.0,0.0,0.568
2030,950,Franco Morbidelli,Italy,Ducati,2,36,0.84,1.003,0.0,0.0,148,0.0,0.0,0.0,7.42,0.0,0.0,0.858
2030,950,Joan Mir,Spain,Honda,3,33,0.96,1.007,0.0,0.0,18,0.0,0.0,0.0,0.93,0.0,0.0,0.844
2030,950,Alex Rins,Spain,Yamaha,2,35,0.88,1.013,0.0,0.0,28,0.0,0.0,0.0,1.63,0.0,0.0,0.895
2030,950,Luca Marini,Italy,Honda,3,33,0.96,0.983,0.0,0.0,12,0.0,0.0,0.0,0.61,0.0,0.0,0.828
2030,950,Marco Bezzecchi,Italy,Aprilia,2,32,1.0,1.01,0.0,0.0,162,0.0,1.1,0.0,8.08,0.053,0.0,1.0
2030,950,Fabio Di Giannantonio,Italy,Ducati,2,32,1.0,0.997,0.0,0.0,159,0.0,0.0,0.0,9.37,0.0,0.0,0.965
2030,950,Pedro Acosta,Spain,KTM,1,26,1.0,1.043,0.023333,0.015054,259,0.0,6.0,1.2,13.64,0.317,0.0,1.0
2030,950,Raul Fernandez,Spain,Aprilia,2,30,1.0,0.993,0.0,0.0,71,0.0,0.0,0.0,3.55,0.0,0.0,1.0
2030,950,Miguel Oliveira,Portugal,Yamaha,2,36,0.84,1.003,0.0,0.0,61,0.0,0.0,0.0,4.04,0.0,0.0,0.809
2030,950,Ai Ogura,Japan,Aprilia,2,29,1.0,1.017,0.056667,0.036559,17,0.0,0.0,0.0,17.02,0.0,0.0,1.0
2030,950,Fermin Aldeguer,Spain,Ducati,2,27,1.0,1.023,0.0,0.0,0,0.0,0.0,0.0,0.0,0.0,0.0,0.953
2030,950,Somkiat Chantra,Thailand,Honda,3,31,1.0,1.0,0.0,0.0,0,0.0,0.0,0.0,0.0,0.0,0.0,0.9
2030,900,Marc Marquez,Spain,Ducati,1,37,0.65,1.133,0.07,0.045952,321,2.5,8.2,1.6,16.03,0.409,0.123,0.818
2030,900,Francesco Bagnaia,Italy,Ducati,1,33,0.96,1.1,0.563333,0.369803,591,13.0,19.0,7.1,29.53,0.949,0.652,1.0
2030,900,Jorge Martin,Spain,Aprilia,2,32,1.0,1.067,0.76,0.498906,537,3.2,16.9,7.4,26.85,0.846,0.159,1.0
2030,900,Fabio Quartararo,France,Yamaha,2,31,1.0,1.113,0.0,0.0,125,0.0,0.0,0.0,6.26,0.0,0.0,1.0
2030,900,Enea Bastianini,Italy,KTM,3,33,0.96,1.033,0.053333,0.035011,369,1.9,8.6,1.0,18.46,0.43,0.096,0.957
2030,900,Brad Binder,South Africa,KTM,1,35,0.88,1.0,0.0,0.0,200,0.0,1.0,0.0,11.11,0.054,0.0,0.971
2030,900,Alex Marquez,Spain,Ducati,2,34,0.92,1.047,0.0,0.0,168,0.0,1.0,0.0,8.41,0.049,0.0,0.972
2030,900,Maverick Vinales,Spain,KTM,3,36,0.84,1.053,0.0,0.0,150,0.8,0.8,0.8,7.5,0.039,0.039,0.789
2030,900,Jack Miller,Australia,Yamaha,2,35,0.88,0.98,0.0,0.0,75,0.0,0.0,0.0,3.94,0.0,0.0,0.86
2030,900,Johann Zarco,France,Honda,3,40,0.6,0.993,0.0,0.0,28,0.0,0.0,0.0,1.41,0.0,0.0,0.513
2030,900,Franco Morbidelli,Italy,Ducati,2,36,0.84,1.007,0.0,0.0,143,0.0,0.0,0.0,7.16,0.0,0.0,0.827
2030,900,Joan Mir,Spain,Honda,3,33,0.96,1.013,0.0,0.0,18,0.0,0.0,0.0,0.97,0.0,0.0,0.877
2030,900,Alex Rins,Spain,Yamaha,2,35,0.88,1.027,0.0,0.0,28,0.0,0.0,0.0,1.63,0.0,0.0,0.892
2030,900,Luca Marini,Italy,Honda,3,33,0.96,0.967,0.0,0.0,12,0.0,0.0,0.0,0.62,0.0,0.0,0.845
2030,900,Marco Bezzecchi,Italy,Aprilia,2,32,1.0,1.02,0.0,0.0,145,0.0,0.9,0.0,7.26,0.047,0.0,0.95
2030,900,Fabio Di Giannantonio,Italy,Ducati,2,32,1.0,0.993,0.0,0.0,165,0.0,0.0,0.0,9.68,0.0,0.0,0.998
2030,900,Pedro Acosta,Spain,KTM,1,26,1.0,1.087,0.02,0.013129,258,0.0,6.0,1.2,13.57,0.316,0.0,1.0
2030,900,Raul Fernandez,Spain,Aprilia,2,30,1.0,0.987,0.0,0.0,63,0.0,0.0,0.0,3.17,0.0,0.0,0.962
2030,900,Miguel Oliveira,Portugal,Yamaha,2,36,0.84,1.007,0.0,0.0,67,0.0,0.0,0.0,4.47,0.0,0.0,0.894
2030,900,Ai Ogura,Japan,Aprilia,2,29,1.0,1.033,0.056667,0.037199,17,0.0,0.0,0.0,17.48,0.0,0.0,1.0
2030,900,Fermin Aldeguer,Spain,Ducati,2,27,1.0,1.047,0.0,0.0,0,0.0,0.0,0.0,0.0,0.0,0.0,0.987
2030,900,Somkiat Chantra,Thailand,Honda,3,31,1.0,1.0,0.0,0.0,0,0.0,0.0,0.0,0.0,0.0,0.0,0.883
2030,850,Marc Marquez,Spain,Ducati,1,37,0.65,1.2,0.073333,0.04814,341,2.6,8.7,1.7,17.05,0.435,0.13,0.87
2030,850,Francesco Bagnaia,Italy,Ducati,1,33,0.96,1.15,0.563333,0.369803,586,12.9,18.8,7.1,29.3,0.941,0.647,1.0
2030,850,Jorge Martin,Spain,Aprilia,2,32,1.0,1.1,0.76,0.498906,545,3.2,17.2,7.5,27.25,0.858,0.161,1.0
2030,850,Fabio Quartararo,France,Yamaha,2,31,1.0,1.17,0.0,0.0,136,0.0,0.0,0.0,6.78,0.0,0.0,1.0
2030,850,Enea Bastianini,Italy,KTM,3,33,0.96,1.05,0.046667,0.030635,362,1.9,8.4,0.9,18.08,0.421,0.094,0.937
2030,850,Brad Binder,South Africa,KTM,1,35,0.88,1.0,0.0,0.0,209,0.0,1.0,0.0,11.63,0.056,0.0,1.0
2030,850,Alex Marquez,Spain,Ducati,2,34,0.92,1.07,0.0,0.0,153,0.0,0.9,0.0,7.65,0.044,0.0,0.885
2030,850,Maverick Vinales,Spain,KTM,3,36,0.84,1.08,0.0,0.0,160,0.8,0.8,0.8,8.01,0.042,0.042,0.843
2030,850,Jack Miller,Australia,Yamaha,2,35,0.88,0.97,0.0,0.0,71,0.0,0.0,0.0,3.75,0.0,0.0,0.818
2030,850,Johann Zarco,France,Honda,3,40,0.6,0.99,0.0,0.0,31,0.0,0.0,0.0,1.55,0.0,0.0,0.563
2030,850,Franco Morbidelli,Italy,Ducati,2,36,0.84,1.01,0.0,0.0,142,0.0,0.0,0.0,7.09,0.0,0.0,0.82
2030,850,Joan Mir,Spain,Honda,3,33,0.96,1.02,0.0,0.0,20,0.0,0.0,0.0,1.04,0.0,0.0,0.94
2030,850,Alex Rins,Spain,Yamaha,2,35,0.88,1.04,0.0,0.0,25,0.0,0.0,0.0,1.45,0.0,0.0,0.797
2030,850,Luca Marini,Italy,Honda,3,33,0.96,0.95,0.0,0.0,12,0.0,0.0,0.0,0.62,0.0,0.0,0.835
2030,850,Marco Bezzecchi,Italy,Aprilia,2,32,1.0,1.03,0.0,0.0,161,0.0,1.1,0.0,8.04,0.053,0.0,1.0
2030,850,Fabio Di Giannantonio,Italy,Ducati,2,32,1.0,0.99,0.0,0.0,148,0.0,0.0,0.0,8.7,0.0,0.0,0.896
2030,850,Pedro Acosta,Spain,KTM,1,26,1.0,1.13,0.023333,0.015317,264,0.0,6.1,1.2,13.9,0.323,0.0,1.0
2030,850,Raul Fernandez,Spain,Aprilia,2,30,1.0,0.98,0.0,0.0,66,0.0,0.0,0.0,3.28,0.0,0.0,0.994
2030,850,Miguel Oliveira,Portugal,Yamaha,2,36,0.84,1.01,0.0,0.0,62,0.0,0.0,0.0,4.15,0.0,0.0,0.829
2030,850,Ai Ogura,Japan,Aprilia,2,29,1.0,1.05,0.056667,0.037199,17,0.0,0.0,0.0,17.4,0.0,0.0,1.0
2030,850,Fermin Aldeguer,Spain,Ducati,2,27,1.0,1.07,0.0,0.0,0,0.0,0.0,0.0,0.0,0.0,0.0,1.0
2030,850,Somkiat Chantra,Thailand,Honda,3,31,1.0,1.0,0.0,0.0,0,0.0,0.0,0.0,0.0,0.0,0.0,0.876
